rozmiar;3;koszt;1181;czas wykonania;5
rozmiar;3;koszt;1520;czas wykonania;5
rozmiar;3;koszt;1279;czas wykonania;4
rozmiar;3;koszt;1424;czas wykonania;4
rozmiar;3;koszt;586;czas wykonania;3
rozmiar;3;koszt;1855;czas wykonania;3
rozmiar;3;koszt;1217;czas wykonania;3
rozmiar;3;koszt;721;czas wykonania;4
rozmiar;3;koszt;1403;czas wykonania;4
rozmiar;3;koszt;1268;czas wykonania;7
rozmiar;3;koszt;794;czas wykonania;4
rozmiar;3;koszt;485;czas wykonania;4
rozmiar;3;koszt;1848;czas wykonania;4
rozmiar;3;koszt;1881;czas wykonania;4
rozmiar;3;koszt;1308;czas wykonania;4
rozmiar;3;koszt;1288;czas wykonania;4
rozmiar;3;koszt;763;czas wykonania;4
rozmiar;3;koszt;1280;czas wykonania;3
rozmiar;3;koszt;374;czas wykonania;3
rozmiar;3;koszt;675;czas wykonania;3
rozmiar;3;koszt;1403;czas wykonania;3
rozmiar;3;koszt;1016;czas wykonania;3
rozmiar;3;koszt;827;czas wykonania;4
rozmiar;3;koszt;1592;czas wykonania;3
rozmiar;3;koszt;1896;czas wykonania;4
rozmiar;3;koszt;1238;czas wykonania;3
rozmiar;3;koszt;748;czas wykonania;3
rozmiar;3;koszt;289;czas wykonania;4
rozmiar;3;koszt;773;czas wykonania;3
rozmiar;3;koszt;1792;czas wykonania;4
rozmiar;3;koszt;1023;czas wykonania;3
rozmiar;3;koszt;1460;czas wykonania;4
rozmiar;3;koszt;1232;czas wykonania;4
rozmiar;3;koszt;1131;czas wykonania;3
rozmiar;3;koszt;1285;czas wykonania;4
rozmiar;3;koszt;1558;czas wykonania;3
rozmiar;3;koszt;1485;czas wykonania;4
rozmiar;3;koszt;1013;czas wykonania;4
rozmiar;3;koszt;2201;czas wykonania;4
rozmiar;3;koszt;971;czas wykonania;3
rozmiar;3;koszt;1419;czas wykonania;4
rozmiar;3;koszt;944;czas wykonania;4
rozmiar;3;koszt;1039;czas wykonania;3
rozmiar;3;koszt;1012;czas wykonania;4
rozmiar;3;koszt;1313;czas wykonania;7
rozmiar;3;koszt;594;czas wykonania;4
rozmiar;3;koszt;1144;czas wykonania;3
rozmiar;3;koszt;506;czas wykonania;4
rozmiar;3;koszt;1199;czas wykonania;4
rozmiar;3;koszt;1102;czas wykonania;3
rozmiar;3;koszt;1082;czas wykonania;4
rozmiar;3;koszt;1297;czas wykonania;3
rozmiar;3;koszt;2088;czas wykonania;4
rozmiar;3;koszt;969;czas wykonania;3
rozmiar;3;koszt;1160;czas wykonania;3
rozmiar;3;koszt;987;czas wykonania;3
rozmiar;3;koszt;1036;czas wykonania;3
rozmiar;3;koszt;1659;czas wykonania;4
rozmiar;3;koszt;1831;czas wykonania;3
rozmiar;3;koszt;1576;czas wykonania;3
rozmiar;3;koszt;973;czas wykonania;4
rozmiar;3;koszt;1130;czas wykonania;3
rozmiar;3;koszt;1207;czas wykonania;4
rozmiar;3;koszt;312;czas wykonania;4
rozmiar;3;koszt;1185;czas wykonania;3
rozmiar;3;koszt;1276;czas wykonania;4
rozmiar;3;koszt;642;czas wykonania;3
rozmiar;3;koszt;1709;czas wykonania;4
rozmiar;3;koszt;1672;czas wykonania;4
rozmiar;3;koszt;1719;czas wykonania;3
rozmiar;3;koszt;1847;czas wykonania;4
rozmiar;3;koszt;1324;czas wykonania;4
rozmiar;3;koszt;859;czas wykonania;3
rozmiar;3;koszt;1317;czas wykonania;4
rozmiar;3;koszt;978;czas wykonania;4
rozmiar;3;koszt;1350;czas wykonania;4
rozmiar;3;koszt;590;czas wykonania;4
rozmiar;3;koszt;437;czas wykonania;3
rozmiar;3;koszt;701;czas wykonania;4
rozmiar;3;koszt;850;czas wykonania;6
rozmiar;3;koszt;637;czas wykonania;4
rozmiar;3;koszt;1568;czas wykonania;4
rozmiar;3;koszt;1948;czas wykonania;3
rozmiar;3;koszt;1160;czas wykonania;4
rozmiar;3;koszt;1703;czas wykonania;4
rozmiar;3;koszt;1468;czas wykonania;4
rozmiar;3;koszt;1281;czas wykonania;4
rozmiar;3;koszt;1107;czas wykonania;3
rozmiar;3;koszt;1442;czas wykonania;3
rozmiar;3;koszt;978;czas wykonania;4
rozmiar;3;koszt;1498;czas wykonania;3
rozmiar;3;koszt;2013;czas wykonania;4
rozmiar;3;koszt;1684;czas wykonania;3
rozmiar;3;koszt;758;czas wykonania;3
rozmiar;3;koszt;1671;czas wykonania;4
rozmiar;3;koszt;487;czas wykonania;4
rozmiar;3;koszt;858;czas wykonania;4
rozmiar;3;koszt;723;czas wykonania;3
rozmiar;3;koszt;1326;czas wykonania;3
rozmiar;3;koszt;916;czas wykonania;3
rozmiar;3;sredni czas wykonania;3
rozmiar;4;koszt;1605;czas wykonania;6
rozmiar;4;koszt;1185;czas wykonania;13
rozmiar;4;koszt;1806;czas wykonania;6
rozmiar;4;koszt;1392;czas wykonania;6
rozmiar;4;koszt;1625;czas wykonania;6
rozmiar;4;koszt;1258;czas wykonania;6
rozmiar;4;koszt;1923;czas wykonania;6
rozmiar;4;koszt;916;czas wykonania;5
rozmiar;4;koszt;858;czas wykonania;6
rozmiar;4;koszt;1739;czas wykonania;6
rozmiar;4;koszt;1673;czas wykonania;6
rozmiar;4;koszt;933;czas wykonania;5
rozmiar;4;koszt;1989;czas wykonania;6
rozmiar;4;koszt;1305;czas wykonania;6
rozmiar;4;koszt;1123;czas wykonania;6
rozmiar;4;koszt;756;czas wykonania;6
rozmiar;4;koszt;1931;czas wykonania;6
rozmiar;4;koszt;1463;czas wykonania;5
rozmiar;4;koszt;2247;czas wykonania;5
rozmiar;4;koszt;1752;czas wykonania;6
rozmiar;4;koszt;1573;czas wykonania;5
rozmiar;4;koszt;1839;czas wykonania;6
rozmiar;4;koszt;1813;czas wykonania;7
rozmiar;4;koszt;1525;czas wykonania;13
rozmiar;4;koszt;1384;czas wykonania;6
rozmiar;4;koszt;1396;czas wykonania;5
rozmiar;4;koszt;1690;czas wykonania;6
rozmiar;4;koszt;1099;czas wykonania;6
rozmiar;4;koszt;1678;czas wykonania;5
rozmiar;4;koszt;909;czas wykonania;5
rozmiar;4;koszt;1156;czas wykonania;6
rozmiar;4;koszt;2055;czas wykonania;5
rozmiar;4;koszt;987;czas wykonania;6
rozmiar;4;koszt;746;czas wykonania;5
rozmiar;4;koszt;1389;czas wykonania;6
rozmiar;4;koszt;1419;czas wykonania;5
rozmiar;4;koszt;1405;czas wykonania;6
rozmiar;4;koszt;1405;czas wykonania;5
rozmiar;4;koszt;1474;czas wykonania;6
rozmiar;4;koszt;1492;czas wykonania;5
rozmiar;4;koszt;1305;czas wykonania;6
rozmiar;4;koszt;606;czas wykonania;6
rozmiar;4;koszt;1792;czas wykonania;5
rozmiar;4;koszt;1172;czas wykonania;6
rozmiar;4;koszt;1620;czas wykonania;6
rozmiar;4;koszt;1502;czas wykonania;6
rozmiar;4;koszt;1143;czas wykonania;6
rozmiar;4;koszt;1776;czas wykonania;5
rozmiar;4;koszt;1980;czas wykonania;5
rozmiar;4;koszt;1830;czas wykonania;6
rozmiar;4;koszt;1653;czas wykonania;6
rozmiar;4;koszt;916;czas wykonania;5
rozmiar;4;koszt;1771;czas wykonania;5
rozmiar;4;koszt;851;czas wykonania;5
rozmiar;4;koszt;1707;czas wykonania;6
rozmiar;4;koszt;1524;czas wykonania;6
rozmiar;4;koszt;1272;czas wykonania;5
rozmiar;4;koszt;1404;czas wykonania;5
rozmiar;4;koszt;950;czas wykonania;5
rozmiar;4;koszt;1656;czas wykonania;6
rozmiar;4;koszt;1009;czas wykonania;6
rozmiar;4;koszt;1386;czas wykonania;6
rozmiar;4;koszt;1557;czas wykonania;5
rozmiar;4;koszt;464;czas wykonania;6
rozmiar;4;koszt;1399;czas wykonania;6
rozmiar;4;koszt;1095;czas wykonania;5
rozmiar;4;koszt;1413;czas wykonania;5
rozmiar;4;koszt;602;czas wykonania;5
rozmiar;4;koszt;1312;czas wykonania;5
rozmiar;4;koszt;1024;czas wykonania;5
rozmiar;4;koszt;1905;czas wykonania;5
rozmiar;4;koszt;1326;czas wykonania;6
rozmiar;4;koszt;693;czas wykonania;5
rozmiar;4;koszt;1832;czas wykonania;6
rozmiar;4;koszt;1418;czas wykonania;6
rozmiar;4;koszt;2124;czas wykonania;5
rozmiar;4;koszt;1719;czas wykonania;6
rozmiar;4;koszt;1766;czas wykonania;6
rozmiar;4;koszt;1501;czas wykonania;6
rozmiar;4;koszt;1472;czas wykonania;4
rozmiar;4;koszt;1273;czas wykonania;6
rozmiar;4;koszt;1647;czas wykonania;6
rozmiar;4;koszt;1707;czas wykonania;6
rozmiar;4;koszt;1073;czas wykonania;5
rozmiar;4;koszt;960;czas wykonania;5
rozmiar;4;koszt;1764;czas wykonania;6
rozmiar;4;koszt;1260;czas wykonania;6
rozmiar;4;koszt;1119;czas wykonania;5
rozmiar;4;koszt;1223;czas wykonania;6
rozmiar;4;koszt;812;czas wykonania;6
rozmiar;4;koszt;1472;czas wykonania;5
rozmiar;4;koszt;1258;czas wykonania;6
rozmiar;4;koszt;1476;czas wykonania;6
rozmiar;4;koszt;1723;czas wykonania;6
rozmiar;4;koszt;349;czas wykonania;6
rozmiar;4;koszt;867;czas wykonania;6
rozmiar;4;koszt;1625;czas wykonania;5
rozmiar;4;koszt;1474;czas wykonania;6
rozmiar;4;koszt;1303;czas wykonania;6
rozmiar;4;koszt;679;czas wykonania;6
rozmiar;4;sredni czas wykonania;5
rozmiar;5;koszt;1292;czas wykonania;12
rozmiar;5;koszt;1484;czas wykonania;12
rozmiar;5;koszt;1850;czas wykonania;12
rozmiar;5;koszt;1179;czas wykonania;12
rozmiar;5;koszt;1421;czas wykonania;12
rozmiar;5;koszt;1363;czas wykonania;12
rozmiar;5;koszt;1005;czas wykonania;12
rozmiar;5;koszt;1325;czas wykonania;11
rozmiar;5;koszt;971;czas wykonania;12
rozmiar;5;koszt;1073;czas wykonania;11
rozmiar;5;koszt;1348;czas wykonania;12
rozmiar;5;koszt;1759;czas wykonania;12
rozmiar;5;koszt;1214;czas wykonania;11
rozmiar;5;koszt;1517;czas wykonania;12
rozmiar;5;koszt;1443;czas wykonania;13
rozmiar;5;koszt;978;czas wykonania;12
rozmiar;5;koszt;1771;czas wykonania;12
rozmiar;5;koszt;1104;czas wykonania;12
rozmiar;5;koszt;1546;czas wykonania;11
rozmiar;5;koszt;1139;czas wykonania;12
rozmiar;5;koszt;1631;czas wykonania;12
rozmiar;5;koszt;796;czas wykonania;12
rozmiar;5;koszt;1642;czas wykonania;12
rozmiar;5;koszt;1043;czas wykonania;11
rozmiar;5;koszt;631;czas wykonania;11
rozmiar;5;koszt;885;czas wykonania;12
rozmiar;5;koszt;1873;czas wykonania;12
rozmiar;5;koszt;1126;czas wykonania;12
rozmiar;5;koszt;1257;czas wykonania;12
rozmiar;5;koszt;1872;czas wykonania;12
rozmiar;5;koszt;1205;czas wykonania;11
rozmiar;5;koszt;1267;czas wykonania;12
rozmiar;5;koszt;1490;czas wykonania;12
rozmiar;5;koszt;1433;czas wykonania;11
rozmiar;5;koszt;1117;czas wykonania;12
rozmiar;5;koszt;784;czas wykonania;12
rozmiar;5;koszt;792;czas wykonania;12
rozmiar;5;koszt;2031;czas wykonania;12
rozmiar;5;koszt;1249;czas wykonania;12
rozmiar;5;koszt;1210;czas wykonania;12
rozmiar;5;koszt;1625;czas wykonania;11
rozmiar;5;koszt;1048;czas wykonania;12
rozmiar;5;koszt;772;czas wykonania;49
rozmiar;5;koszt;1719;czas wykonania;11
rozmiar;5;koszt;921;czas wykonania;11
rozmiar;5;koszt;1953;czas wykonania;12
rozmiar;5;koszt;877;czas wykonania;12
rozmiar;5;koszt;1760;czas wykonania;12
rozmiar;5;koszt;1205;czas wykonania;317
rozmiar;5;koszt;1361;czas wykonania;12
rozmiar;5;koszt;1515;czas wykonania;12
rozmiar;5;koszt;1850;czas wykonania;12
rozmiar;5;koszt;1071;czas wykonania;12
rozmiar;5;koszt;1331;czas wykonania;11
rozmiar;5;koszt;1240;czas wykonania;11
rozmiar;5;koszt;1059;czas wykonania;11
rozmiar;5;koszt;1901;czas wykonania;12
rozmiar;5;koszt;789;czas wykonania;11
rozmiar;5;koszt;967;czas wykonania;60
rozmiar;5;koszt;919;czas wykonania;10
rozmiar;5;koszt;1713;czas wykonania;12
rozmiar;5;koszt;1294;czas wykonania;12
rozmiar;5;koszt;1119;czas wykonania;11
rozmiar;5;koszt;739;czas wykonania;35
rozmiar;5;koszt;926;czas wykonania;12
rozmiar;5;koszt;1616;czas wykonania;13
rozmiar;5;koszt;841;czas wykonania;11
rozmiar;5;koszt;1136;czas wykonania;12
rozmiar;5;koszt;1353;czas wykonania;11
rozmiar;5;koszt;849;czas wykonania;11
rozmiar;5;koszt;1165;czas wykonania;11
rozmiar;5;koszt;926;czas wykonania;12
rozmiar;5;koszt;1886;czas wykonania;12
rozmiar;5;koszt;926;czas wykonania;12
rozmiar;5;koszt;1342;czas wykonania;14
rozmiar;5;koszt;1714;czas wykonania;11
rozmiar;5;koszt;1419;czas wykonania;12
rozmiar;5;koszt;1391;czas wykonania;13
rozmiar;5;koszt;2082;czas wykonania;12
rozmiar;5;koszt;1511;czas wykonania;12
rozmiar;5;koszt;2295;czas wykonania;12
rozmiar;5;koszt;1564;czas wykonania;12
rozmiar;5;koszt;1592;czas wykonania;11
rozmiar;5;koszt;1541;czas wykonania;11
rozmiar;5;koszt;1147;czas wykonania;10
rozmiar;5;koszt;1126;czas wykonania;11
rozmiar;5;koszt;1040;czas wykonania;12
rozmiar;5;koszt;1975;czas wykonania;12
rozmiar;5;koszt;603;czas wykonania;11
rozmiar;5;koszt;1818;czas wykonania;12
rozmiar;5;koszt;1730;czas wykonania;11
rozmiar;5;koszt;1522;czas wykonania;12
rozmiar;5;koszt;1645;czas wykonania;12
rozmiar;5;koszt;1352;czas wykonania;12
rozmiar;5;koszt;2025;czas wykonania;13
rozmiar;5;koszt;1916;czas wykonania;12
rozmiar;5;koszt;1319;czas wykonania;12
rozmiar;5;koszt;1847;czas wykonania;12
rozmiar;5;koszt;1356;czas wykonania;11
rozmiar;5;koszt;1497;czas wykonania;12
rozmiar;5;sredni czas wykonania;15
rozmiar;6;koszt;1094;czas wykonania;43
rozmiar;6;koszt;1665;czas wykonania;37
rozmiar;6;koszt;2237;czas wykonania;38
rozmiar;6;koszt;1643;czas wykonania;37
rozmiar;6;koszt;1335;czas wykonania;37
rozmiar;6;koszt;933;czas wykonania;37
rozmiar;6;koszt;1060;czas wykonania;38
rozmiar;6;koszt;1224;czas wykonania;36
rozmiar;6;koszt;1429;czas wykonania;37
rozmiar;6;koszt;1942;czas wykonania;38
rozmiar;6;koszt;988;czas wykonania;37
rozmiar;6;koszt;757;czas wykonania;42
rozmiar;6;koszt;1984;czas wykonania;35
rozmiar;6;koszt;1409;czas wykonania;36
rozmiar;6;koszt;1512;czas wykonania;36
rozmiar;6;koszt;1222;czas wykonania;37
rozmiar;6;koszt;1316;czas wykonania;36
rozmiar;6;koszt;1941;czas wykonania;35
rozmiar;6;koszt;1524;czas wykonania;36
rozmiar;6;koszt;1414;czas wykonania;36
rozmiar;6;koszt;1643;czas wykonania;36
rozmiar;6;koszt;1146;czas wykonania;38
rozmiar;6;koszt;1823;czas wykonania;36
rozmiar;6;koszt;1032;czas wykonania;38
rozmiar;6;koszt;1780;czas wykonania;35
rozmiar;6;koszt;928;czas wykonania;36
rozmiar;6;koszt;1086;czas wykonania;35
rozmiar;6;koszt;1427;czas wykonania;38
rozmiar;6;koszt;1504;czas wykonania;37
rozmiar;6;koszt;1381;czas wykonania;36
rozmiar;6;koszt;1675;czas wykonania;37
rozmiar;6;koszt;821;czas wykonania;36
rozmiar;6;koszt;1002;czas wykonania;40
rozmiar;6;koszt;1237;czas wykonania;37
rozmiar;6;koszt;1265;czas wykonania;36
rozmiar;6;koszt;1178;czas wykonania;36
rozmiar;6;koszt;2308;czas wykonania;36
rozmiar;6;koszt;1751;czas wykonania;37
rozmiar;6;koszt;1307;czas wykonania;37
rozmiar;6;koszt;1245;czas wykonania;36
rozmiar;6;koszt;1675;czas wykonania;37
rozmiar;6;koszt;1308;czas wykonania;38
rozmiar;6;koszt;952;czas wykonania;36
rozmiar;6;koszt;1928;czas wykonania;36
rozmiar;6;koszt;1217;czas wykonania;38
rozmiar;6;koszt;875;czas wykonania;37
rozmiar;6;koszt;1854;czas wykonania;37
rozmiar;6;koszt;1289;czas wykonania;36
rozmiar;6;koszt;1265;czas wykonania;36
rozmiar;6;koszt;2390;czas wykonania;38
rozmiar;6;koszt;1648;czas wykonania;35
rozmiar;6;koszt;1301;czas wykonania;36
rozmiar;6;koszt;1198;czas wykonania;37
rozmiar;6;koszt;1016;czas wykonania;37
rozmiar;6;koszt;1175;czas wykonania;36
rozmiar;6;koszt;504;czas wykonania;37
rozmiar;6;koszt;1060;czas wykonania;36
rozmiar;6;koszt;1225;czas wykonania;36
rozmiar;6;koszt;1173;czas wykonania;37
rozmiar;6;koszt;1366;czas wykonania;36
rozmiar;6;koszt;1660;czas wykonania;38
rozmiar;6;koszt;2002;czas wykonania;36
rozmiar;6;koszt;1595;czas wykonania;37
rozmiar;6;koszt;1699;czas wykonania;36
rozmiar;6;koszt;1023;czas wykonania;36
rozmiar;6;koszt;921;czas wykonania;37
rozmiar;6;koszt;1578;czas wykonania;39
rozmiar;6;koszt;1083;czas wykonania;36
rozmiar;6;koszt;990;czas wykonania;37
rozmiar;6;koszt;1711;czas wykonania;37
rozmiar;6;koszt;1101;czas wykonania;38
rozmiar;6;koszt;1605;czas wykonania;35
rozmiar;6;koszt;1333;czas wykonania;36
rozmiar;6;koszt;1477;czas wykonania;38
rozmiar;6;koszt;1001;czas wykonania;38
rozmiar;6;koszt;1729;czas wykonania;37
rozmiar;6;koszt;1640;czas wykonania;35
rozmiar;6;koszt;1589;czas wykonania;36
rozmiar;6;koszt;2445;czas wykonania;37
rozmiar;6;koszt;568;czas wykonania;37
rozmiar;6;koszt;1743;czas wykonania;37
rozmiar;6;koszt;1636;czas wykonania;35
rozmiar;6;koszt;1416;czas wykonania;37
rozmiar;6;koszt;1550;czas wykonania;38
rozmiar;6;koszt;1658;czas wykonania;36
rozmiar;6;koszt;1083;czas wykonania;38
rozmiar;6;koszt;2033;czas wykonania;37
rozmiar;6;koszt;1328;czas wykonania;36
rozmiar;6;koszt;1471;czas wykonania;37
rozmiar;6;koszt;1240;czas wykonania;37
rozmiar;6;koszt;957;czas wykonania;35
rozmiar;6;koszt;2182;czas wykonania;37
rozmiar;6;koszt;1267;czas wykonania;38
rozmiar;6;koszt;1286;czas wykonania;36
rozmiar;6;koszt;1190;czas wykonania;37
rozmiar;6;koszt;1738;czas wykonania;37
rozmiar;6;koszt;1181;czas wykonania;37
rozmiar;6;koszt;807;czas wykonania;38
rozmiar;6;koszt;2351;czas wykonania;35
rozmiar;6;koszt;1162;czas wykonania;39
rozmiar;6;sredni czas wykonania;36
rozmiar;7;koszt;1901;czas wykonania;177
rozmiar;7;koszt;1624;czas wykonania;175
rozmiar;7;koszt;1624;czas wykonania;178
rozmiar;7;koszt;1224;czas wykonania;179
rozmiar;7;koszt;1460;czas wykonania;176
rozmiar;7;koszt;1314;czas wykonania;179
rozmiar;7;koszt;1456;czas wykonania;177
rozmiar;7;koszt;1554;czas wykonania;389
rozmiar;7;koszt;688;czas wykonania;178
rozmiar;7;koszt;2258;czas wykonania;177
rozmiar;7;koszt;1471;czas wykonania;177
rozmiar;7;koszt;1509;czas wykonania;176
rozmiar;7;koszt;1918;czas wykonania;179
rozmiar;7;koszt;874;czas wykonania;180
rozmiar;7;koszt;1245;czas wykonania;178
rozmiar;7;koszt;1363;czas wykonania;179
rozmiar;7;koszt;996;czas wykonania;178
rozmiar;7;koszt;1531;czas wykonania;178
rozmiar;7;koszt;1317;czas wykonania;177
rozmiar;7;koszt;1244;czas wykonania;178
rozmiar;7;koszt;1755;czas wykonania;179
rozmiar;7;koszt;1487;czas wykonania;179
rozmiar;7;koszt;1860;czas wykonania;178
rozmiar;7;koszt;719;czas wykonania;178
rozmiar;7;koszt;1998;czas wykonania;178
rozmiar;7;koszt;1499;czas wykonania;177
rozmiar;7;koszt;1640;czas wykonania;184
rozmiar;7;koszt;1194;czas wykonania;178
rozmiar;7;koszt;1117;czas wykonania;178
rozmiar;7;koszt;1025;czas wykonania;179
rozmiar;7;koszt;914;czas wykonania;178
rozmiar;7;koszt;1515;czas wykonania;179
rozmiar;7;koszt;959;czas wykonania;179
rozmiar;7;koszt;1635;czas wykonania;178
rozmiar;7;koszt;1248;czas wykonania;178
rozmiar;7;koszt;1616;czas wykonania;177
rozmiar;7;koszt;912;czas wykonania;177
rozmiar;7;koszt;1413;czas wykonania;177
rozmiar;7;koszt;1262;czas wykonania;180
rozmiar;7;koszt;1542;czas wykonania;176
rozmiar;7;koszt;1435;czas wykonania;177
rozmiar;7;koszt;1654;czas wykonania;178
rozmiar;7;koszt;1411;czas wykonania;179
rozmiar;7;koszt;2250;czas wykonania;179
rozmiar;7;koszt;1772;czas wykonania;181
rozmiar;7;koszt;1520;czas wykonania;178
rozmiar;7;koszt;1679;czas wykonania;177
rozmiar;7;koszt;1710;czas wykonania;178
rozmiar;7;koszt;1207;czas wykonania;177
rozmiar;7;koszt;1545;czas wykonania;176
rozmiar;7;koszt;1507;czas wykonania;177
rozmiar;7;koszt;1127;czas wykonania;178
rozmiar;7;koszt;1566;czas wykonania;176
rozmiar;7;koszt;775;czas wykonania;186
rozmiar;7;koszt;1784;czas wykonania;178
rozmiar;7;koszt;1688;czas wykonania;176
rozmiar;7;koszt;1128;czas wykonania;178
rozmiar;7;koszt;1473;czas wykonania;179
rozmiar;7;koszt;2013;czas wykonania;179
rozmiar;7;koszt;1190;czas wykonania;179
rozmiar;7;koszt;1316;czas wykonania;180
rozmiar;7;koszt;1616;czas wykonania;176
rozmiar;7;koszt;2041;czas wykonania;177
rozmiar;7;koszt;2130;czas wykonania;177
rozmiar;7;koszt;1605;czas wykonania;178
rozmiar;7;koszt;1353;czas wykonania;176
rozmiar;7;koszt;1802;czas wykonania;177
rozmiar;7;koszt;2316;czas wykonania;178
rozmiar;7;koszt;1865;czas wykonania;177
rozmiar;7;koszt;1377;czas wykonania;177
rozmiar;7;koszt;1584;czas wykonania;180
rozmiar;7;koszt;1386;czas wykonania;177
rozmiar;7;koszt;1640;czas wykonania;179
rozmiar;7;koszt;1539;czas wykonania;178
rozmiar;7;koszt;1791;czas wykonania;235
rozmiar;7;koszt;888;czas wykonania;180
rozmiar;7;koszt;808;czas wykonania;177
rozmiar;7;koszt;1715;czas wykonania;177
rozmiar;7;koszt;2150;czas wykonania;176
rozmiar;7;koszt;1310;czas wykonania;179
rozmiar;7;koszt;1657;czas wykonania;178
rozmiar;7;koszt;1629;czas wykonania;223
rozmiar;7;koszt;1295;czas wykonania;177
rozmiar;7;koszt;1435;czas wykonania;176
rozmiar;7;koszt;1373;czas wykonania;181
rozmiar;7;koszt;1667;czas wykonania;177
rozmiar;7;koszt;1423;czas wykonania;338
rozmiar;7;koszt;1860;czas wykonania;179
rozmiar;7;koszt;1799;czas wykonania;178
rozmiar;7;koszt;977;czas wykonania;176
rozmiar;7;koszt;1867;czas wykonania;185
rozmiar;7;koszt;1646;czas wykonania;178
rozmiar;7;koszt;1137;czas wykonania;179
rozmiar;7;koszt;1518;czas wykonania;177
rozmiar;7;koszt;1306;czas wykonania;180
rozmiar;7;koszt;1225;czas wykonania;175
rozmiar;7;koszt;1782;czas wykonania;250
rozmiar;7;koszt;1784;czas wykonania;177
rozmiar;7;koszt;1658;czas wykonania;176
rozmiar;7;koszt;1055;czas wykonania;175
rozmiar;7;sredni czas wykonania;183
rozmiar;8;koszt;1766;czas wykonania;1191
rozmiar;8;koszt;1688;czas wykonania;1280
rozmiar;8;koszt;1903;czas wykonania;1182
rozmiar;8;koszt;1525;czas wykonania;1186
rozmiar;8;koszt;1553;czas wykonania;1191
rozmiar;8;koszt;844;czas wykonania;1195
rozmiar;8;koszt;1727;czas wykonania;1187
rozmiar;8;koszt;1353;czas wykonania;1196
rozmiar;8;koszt;1486;czas wykonania;1185
rozmiar;8;koszt;2241;czas wykonania;1183
rozmiar;8;koszt;2123;czas wykonania;1191
rozmiar;8;koszt;1750;czas wykonania;1258
rozmiar;8;koszt;1513;czas wykonania;1190
rozmiar;8;koszt;1048;czas wykonania;1179
rozmiar;8;koszt;1874;czas wykonania;1195
rozmiar;8;koszt;1411;czas wykonania;1195
rozmiar;8;koszt;1256;czas wykonania;1194
rozmiar;8;koszt;1757;czas wykonania;1195
rozmiar;8;koszt;1387;czas wykonania;1188
rozmiar;8;koszt;1448;czas wykonania;1463
rozmiar;8;koszt;1691;czas wykonania;1190
rozmiar;8;koszt;2040;czas wykonania;1195
rozmiar;8;koszt;678;czas wykonania;1189
rozmiar;8;koszt;1322;czas wykonania;1192
rozmiar;8;koszt;1083;czas wykonania;1190
rozmiar;8;koszt;1974;czas wykonania;1192
rozmiar;8;koszt;1236;czas wykonania;1192
rozmiar;8;koszt;1730;czas wykonania;1192
rozmiar;8;koszt;1636;czas wykonania;1185
rozmiar;8;koszt;1472;czas wykonania;1193
rozmiar;8;koszt;2155;czas wykonania;1194
rozmiar;8;koszt;1103;czas wykonania;1182
rozmiar;8;koszt;1172;czas wykonania;1242
rozmiar;8;koszt;1466;czas wykonania;1181
rozmiar;8;koszt;1562;czas wykonania;1188
rozmiar;8;koszt;1497;czas wykonania;1250
rozmiar;8;koszt;1370;czas wykonania;1188
rozmiar;8;koszt;1255;czas wykonania;1189
rozmiar;8;koszt;1657;czas wykonania;1192
rozmiar;8;koszt;1106;czas wykonania;1184
rozmiar;8;koszt;1582;czas wykonania;1344
rozmiar;8;koszt;1317;czas wykonania;1186
rozmiar;8;koszt;1622;czas wykonania;1186
rozmiar;8;koszt;1795;czas wykonania;1187
rozmiar;8;koszt;937;czas wykonania;1410
rozmiar;8;koszt;2250;czas wykonania;1189
rozmiar;8;koszt;1937;czas wykonania;1485
rozmiar;8;koszt;1600;czas wykonania;1196
rozmiar;8;koszt;1050;czas wykonania;1453
rozmiar;8;koszt;2137;czas wykonania;1188
rozmiar;8;koszt;1319;czas wykonania;1179
rozmiar;8;koszt;1334;czas wykonania;1185
rozmiar;8;koszt;1297;czas wykonania;1254
rozmiar;8;koszt;1717;czas wykonania;1190
rozmiar;8;koszt;1554;czas wykonania;1187
rozmiar;8;koszt;1418;czas wykonania;1189
rozmiar;8;koszt;1498;czas wykonania;1183
rozmiar;8;koszt;1433;czas wykonania;1186
rozmiar;8;koszt;1549;czas wykonania;1190
rozmiar;8;koszt;1162;czas wykonania;1189
rozmiar;8;koszt;2002;czas wykonania;1190
rozmiar;8;koszt;1176;czas wykonania;1195
rozmiar;8;koszt;1583;czas wykonania;1189
rozmiar;8;koszt;1022;czas wykonania;1190
rozmiar;8;koszt;1398;czas wykonania;1183
rozmiar;8;koszt;1094;czas wykonania;1182
rozmiar;8;koszt;1598;czas wykonania;1231
rozmiar;8;koszt;1527;czas wykonania;1190
rozmiar;8;koszt;1330;czas wykonania;1184
rozmiar;8;koszt;2400;czas wykonania;1189
rozmiar;8;koszt;1328;czas wykonania;1188
rozmiar;8;koszt;1235;czas wykonania;1187
rozmiar;8;koszt;1441;czas wykonania;1188
rozmiar;8;koszt;1148;czas wykonania;1192
rozmiar;8;koszt;896;czas wykonania;1192
rozmiar;8;koszt;1692;czas wykonania;1186
rozmiar;8;koszt;891;czas wykonania;1189
rozmiar;8;koszt;2117;czas wykonania;1182
rozmiar;8;koszt;2019;czas wykonania;1188
rozmiar;8;koszt;1314;czas wykonania;1190
rozmiar;8;koszt;899;czas wykonania;1191
rozmiar;8;koszt;1156;czas wykonania;1185
rozmiar;8;koszt;1302;czas wykonania;1185
rozmiar;8;koszt;2106;czas wykonania;1180
rozmiar;8;koszt;1375;czas wykonania;1191
rozmiar;8;koszt;1982;czas wykonania;1190
rozmiar;8;koszt;1870;czas wykonania;1184
rozmiar;8;koszt;1025;czas wykonania;1190
rozmiar;8;koszt;1882;czas wykonania;1185
rozmiar;8;koszt;1080;czas wykonania;1196
rozmiar;8;koszt;1419;czas wykonania;1188
rozmiar;8;koszt;1757;czas wykonania;1190
rozmiar;8;koszt;2128;czas wykonania;1194
rozmiar;8;koszt;1356;czas wykonania;1263
rozmiar;8;koszt;1268;czas wykonania;1190
rozmiar;8;koszt;1630;czas wykonania;1193
rozmiar;8;koszt;1759;czas wykonania;1182
rozmiar;8;koszt;1059;czas wykonania;1776
rozmiar;8;koszt;1056;czas wykonania;1191
rozmiar;8;koszt;1456;czas wykonania;1188
rozmiar;8;sredni czas wykonania;1211
rozmiar;9;koszt;1341;czas wykonania;9985
rozmiar;9;koszt;1873;czas wykonania;10306
rozmiar;9;koszt;1826;czas wykonania;10028
rozmiar;9;koszt;1349;czas wykonania;10321
rozmiar;9;koszt;1845;czas wykonania;9792
rozmiar;9;koszt;1677;czas wykonania;9766
rozmiar;9;koszt;1694;czas wykonania;9829
rozmiar;9;koszt;1362;czas wykonania;9911
rozmiar;9;koszt;1681;czas wykonania;9799
rozmiar;9;koszt;1622;czas wykonania;9857
rozmiar;9;koszt;1506;czas wykonania;9891
rozmiar;9;koszt;1220;czas wykonania;10162
rozmiar;9;koszt;1249;czas wykonania;10326
rozmiar;9;koszt;1323;czas wykonania;10557
rozmiar;9;koszt;1664;czas wykonania;9848
rozmiar;9;koszt;1217;czas wykonania;10530
rozmiar;9;koszt;1364;czas wykonania;9947
rozmiar;9;koszt;1987;czas wykonania;10293
rozmiar;9;koszt;2000;czas wykonania;10304
rozmiar;9;koszt;1645;czas wykonania;9819
rozmiar;9;koszt;1580;czas wykonania;10370
rozmiar;9;koszt;1772;czas wykonania;16175
rozmiar;9;koszt;1909;czas wykonania;10918
rozmiar;9;koszt;2086;czas wykonania;10414
rozmiar;9;koszt;996;czas wykonania;10861
rozmiar;9;koszt;2124;czas wykonania;11638
rozmiar;9;koszt;2124;czas wykonania;11456
rozmiar;9;koszt;1622;czas wykonania;9633
rozmiar;9;koszt;1747;czas wykonania;10500
rozmiar;9;koszt;1657;czas wykonania;11135
rozmiar;9;koszt;1590;czas wykonania;10137
rozmiar;9;koszt;1196;czas wykonania;10085
rozmiar;9;koszt;1167;czas wykonania;9686
rozmiar;9;koszt;1187;czas wykonania;9753
rozmiar;9;koszt;1605;czas wykonania;9649
rozmiar;9;koszt;1218;czas wykonania;9809
rozmiar;9;koszt;1887;czas wykonania;9721
rozmiar;9;koszt;1437;czas wykonania;10225
rozmiar;9;koszt;808;czas wykonania;10120
rozmiar;9;koszt;1220;czas wykonania;9767
rozmiar;9;koszt;1789;czas wykonania;9696
rozmiar;9;koszt;2311;czas wykonania;10338
rozmiar;9;koszt;1524;czas wykonania;9840
rozmiar;9;koszt;2220;czas wykonania;10496
rozmiar;9;koszt;1796;czas wykonania;10611
rozmiar;9;koszt;1751;czas wykonania;10026
rozmiar;9;koszt;999;czas wykonania;9789
rozmiar;9;koszt;946;czas wykonania;9961
rozmiar;9;koszt;2021;czas wykonania;10077
rozmiar;9;koszt;1436;czas wykonania;9691
rozmiar;9;koszt;1493;czas wykonania;9801
rozmiar;9;koszt;1516;czas wykonania;10090
rozmiar;9;koszt;1481;czas wykonania;10031
rozmiar;9;koszt;1641;czas wykonania;10352
rozmiar;9;koszt;2238;czas wykonania;10080
rozmiar;9;koszt;1809;czas wykonania;10545
rozmiar;9;koszt;1666;czas wykonania;9780
rozmiar;9;koszt;1753;czas wykonania;9938
rozmiar;9;koszt;1692;czas wykonania;9766
rozmiar;9;koszt;1279;czas wykonania;9757
rozmiar;9;koszt;1139;czas wykonania;9743
rozmiar;9;koszt;1861;czas wykonania;10180
rozmiar;9;koszt;1525;czas wykonania;10120
rozmiar;9;koszt;1713;czas wykonania;10048
rozmiar;9;koszt;1949;czas wykonania;9902
rozmiar;9;koszt;1720;czas wykonania;11399
rozmiar;9;koszt;1223;czas wykonania;10269
rozmiar;9;koszt;1574;czas wykonania;10294
rozmiar;9;koszt;1466;czas wykonania;9729
rozmiar;9;koszt;1262;czas wykonania;10314
rozmiar;9;koszt;1836;czas wykonania;10169
rozmiar;9;koszt;1902;czas wykonania;9970
rozmiar;9;koszt;1885;czas wykonania;9924
rozmiar;9;koszt;1522;czas wykonania;10034
rozmiar;9;koszt;1284;czas wykonania;10135
rozmiar;9;koszt;910;czas wykonania;9743
rozmiar;9;koszt;1103;czas wykonania;9783
rozmiar;9;koszt;1628;czas wykonania;9725
rozmiar;9;koszt;2208;czas wykonania;9918
rozmiar;9;koszt;1501;czas wykonania;9834
rozmiar;9;koszt;1724;czas wykonania;9814
rozmiar;9;koszt;833;czas wykonania;9969
rozmiar;9;koszt;1023;czas wykonania;10460
rozmiar;9;koszt;1887;czas wykonania;9944
rozmiar;9;koszt;1272;czas wykonania;9984
rozmiar;9;koszt;1967;czas wykonania;10129
rozmiar;9;koszt;2028;czas wykonania;9637
rozmiar;9;koszt;1237;czas wykonania;9684
rozmiar;9;koszt;1325;czas wykonania;9652
rozmiar;9;koszt;1895;czas wykonania;9704
rozmiar;9;koszt;1847;czas wykonania;9670
rozmiar;9;koszt;1229;czas wykonania;9698
rozmiar;9;koszt;1285;czas wykonania;9693
rozmiar;9;koszt;1713;czas wykonania;9713
rozmiar;9;koszt;1880;czas wykonania;10004
rozmiar;9;koszt;2402;czas wykonania;10070
rozmiar;9;koszt;1121;czas wykonania;10067
rozmiar;9;koszt;1326;czas wykonania;9795
rozmiar;9;koszt;1372;czas wykonania;9698
rozmiar;9;koszt;1671;czas wykonania;9994
rozmiar;9;sredni czas wykonania;10126
rozmiar;10;koszt;1709;czas wykonania;91585
rozmiar;10;koszt;1251;czas wykonania;105146
rozmiar;10;koszt;1660;czas wykonania;94524
rozmiar;10;koszt;1480;czas wykonania;92795
rozmiar;10;koszt;1454;czas wykonania;91074
rozmiar;10;koszt;1769;czas wykonania;92074
rozmiar;10;koszt;2109;czas wykonania;101236
rozmiar;10;koszt;1384;czas wykonania;91760
rozmiar;10;koszt;1987;czas wykonania;91276
rozmiar;10;koszt;1910;czas wykonania;90387
rozmiar;10;koszt;1454;czas wykonania;92006
rozmiar;10;koszt;1474;czas wykonania;90200
rozmiar;10;koszt;1039;czas wykonania;90682
rozmiar;10;koszt;2574;czas wykonania;90960
rozmiar;10;koszt;1265;czas wykonania;91980
rozmiar;10;koszt;1485;czas wykonania;92602
rozmiar;10;koszt;1265;czas wykonania;92560
rozmiar;10;koszt;1796;czas wykonania;90684
rozmiar;10;koszt;1139;czas wykonania;91966
rozmiar;10;koszt;1507;czas wykonania;91307
rozmiar;10;koszt;1823;czas wykonania;94134
rozmiar;10;koszt;1636;czas wykonania;92245
rozmiar;10;koszt;2079;czas wykonania;90255
rozmiar;10;koszt;2342;czas wykonania;93613
rozmiar;10;koszt;1462;czas wykonania;90135
rozmiar;10;koszt;1564;czas wykonania;89843
rozmiar;10;koszt;1564;czas wykonania;91246
rozmiar;10;koszt;1944;czas wykonania;92160
rozmiar;10;koszt;1811;czas wykonania;92357
rozmiar;10;koszt;1551;czas wykonania;91089
rozmiar;10;koszt;1600;czas wykonania;90741
rozmiar;10;koszt;1306;czas wykonania;90569
rozmiar;10;koszt;2135;czas wykonania;90699
rozmiar;10;koszt;2470;czas wykonania;91056
rozmiar;10;koszt;1496;czas wykonania;94782
rozmiar;10;koszt;1334;czas wykonania;90747
rozmiar;10;koszt;1987;czas wykonania;91660
rozmiar;10;koszt;1577;czas wykonania;91727
rozmiar;10;koszt;1484;czas wykonania;91326
rozmiar;10;koszt;1732;czas wykonania;92965
rozmiar;10;koszt;1613;czas wykonania;91043
rozmiar;10;koszt;1008;czas wykonania;90335
rozmiar;10;koszt;1234;czas wykonania;93790
rozmiar;10;koszt;1142;czas wykonania;90714
rozmiar;10;koszt;1589;czas wykonania;92590
rozmiar;10;koszt;1745;czas wykonania;91680
rozmiar;10;koszt;1271;czas wykonania;90953
rozmiar;10;koszt;2027;czas wykonania;91227
rozmiar;10;koszt;1258;czas wykonania;91644
rozmiar;10;koszt;757;czas wykonania;92863
rozmiar;10;koszt;1595;czas wykonania;91935
rozmiar;10;koszt;1315;czas wykonania;90945
rozmiar;10;koszt;1245;czas wykonania;97502
rozmiar;10;koszt;1604;czas wykonania;90706
rozmiar;10;koszt;1125;czas wykonania;92944
rozmiar;10;koszt;1678;czas wykonania;90848
rozmiar;10;koszt;1550;czas wykonania;90754
rozmiar;10;koszt;1075;czas wykonania;90722
rozmiar;10;koszt;1257;czas wykonania;90937
rozmiar;10;koszt;1522;czas wykonania;91345
rozmiar;10;koszt;1222;czas wykonania;91257
rozmiar;10;koszt;747;czas wykonania;91385
rozmiar;10;koszt;2129;czas wykonania;91249
rozmiar;10;koszt;1294;czas wykonania;93446
rozmiar;10;koszt;1393;czas wykonania;91673
rozmiar;10;koszt;1446;czas wykonania;92182
rozmiar;10;koszt;1670;czas wykonania;90892
rozmiar;10;koszt;1062;czas wykonania;90525
rozmiar;10;koszt;1635;czas wykonania;90397
rozmiar;10;koszt;1130;czas wykonania;95100
rozmiar;10;koszt;1917;czas wykonania;92978
rozmiar;10;koszt;1776;czas wykonania;90692
rozmiar;10;koszt;936;czas wykonania;90645
rozmiar;10;koszt;1691;czas wykonania;90281
rozmiar;10;koszt;1599;czas wykonania;91076
rozmiar;10;koszt;1245;czas wykonania;90841
rozmiar;10;koszt;1721;czas wykonania;91311
rozmiar;10;koszt;1709;czas wykonania;90706
rozmiar;10;koszt;2143;czas wykonania;90200
rozmiar;10;koszt;1709;czas wykonania;89993
rozmiar;10;koszt;1789;czas wykonania;90394
rozmiar;10;koszt;1209;czas wykonania;90424
rozmiar;10;koszt;1233;czas wykonania;92317
rozmiar;10;koszt;1541;czas wykonania;90965
rozmiar;10;koszt;1631;czas wykonania;89925
rozmiar;10;koszt;1210;czas wykonania;91602
rozmiar;10;koszt;1503;czas wykonania;91073
rozmiar;10;koszt;2230;czas wykonania;90679
rozmiar;10;koszt;1651;czas wykonania;90930
rozmiar;10;koszt;1058;czas wykonania;90151
rozmiar;10;koszt;1612;czas wykonania;90756
rozmiar;10;koszt;2210;czas wykonania;89948
rozmiar;10;koszt;1096;czas wykonania;90323
rozmiar;10;koszt;1566;czas wykonania;115598
rozmiar;10;koszt;1895;czas wykonania;91179
rozmiar;10;koszt;1672;czas wykonania;90312
rozmiar;10;koszt;1080;czas wykonania;93890
rozmiar;10;koszt;957;czas wykonania;91992
rozmiar;10;koszt;1527;czas wykonania;91880
rozmiar;10;koszt;1250;czas wykonania;92297
rozmiar;10;sredni czas wykonania;91990
